{
    "major_list": {
        "045": "045: 数学系",
        "046": "046: 计算与应用数学系",
        "047": "047: 概率统计系",
        "002": "002: 物理学系",
        "004": "004: 近代物理系",
        "022": "022: 天文学系",
        "038": "038: 光学与光学工程系",
        "048": "048: 工程与应用物理系",
        "015": "015: 工商管理系",
        "016": "016: 管理科学系",
        "017": "017: 统计与金融系",
        "034": "034: MBA中心",
        "035": "035: MPA中心",
        "039": "039: EMBA",
        "003": "003: 化学物理系",
        "012": "012: 应用化学系",
        "014": "014: 材料科学与工程系",
        "019": "019: 化学系",
        "020": "020: 高分子科学与工程系",
        "008": "008: 分子生物学与细胞生物学系",
        "021": "021: 神经生物学与生物物理学系",
        "031": "031: 系统生物学系",
        "032": "032: 医药生物技术系",
        "071": "071: 地球物理与行星科学技术系",
        "072": "072: 地球化学与环境科学系",
        "005": "005: 近代力学系",
        "009": "009: 精密机械与精密仪器系",
        "013": "013: 热科学和能源工程系",
        "030": "030: 安全科学与工程系",
        "006": "006: 电子工程与信息科学系",
        "010": "010: 自动化系",
        "023": "023: 电子科学与技术系",
        "033": "033: 信息安全",
        "018": "018: 外语系",
        "024": "024: 科技史与科技考古系",
        "025": "025: 科技传播与科技政策系",
        "055": "055: 科技哲学系",
        "056": "056: 心理学系",
        "011": "011: 计算机科学与技术系",
        "044": "044: 物流工程硕士中心"
    },
    "semester_list": [
        "2021 Fall",
        "2021 Spring",
        "2020 Fall",
        "2020 Spring",
        "2019 Fall",
        "2019 Spring",
        "2018 Fall",
        "2018 Spring",
        "2017 Fall",
        "2017 Spring",
        "2016 Fall",
        "2016 Spring",
        "2015 Fall",
        "2015 Spring",
        "2014 Fall",
        "2014 Spring",
        "2013 Fall",
        "2013 Spring",
        "2012 Fall",
        "2012 Spring",
        "2011 Fall",
        "2011 Spring"
    ],
    "rank_list": {
        "top1%": "Top 1%",
        "top5%": "Top 5%",
        "top10%": "Top 10%",
        "top20%": "Top 20%",
        "top30%": "Top 30%",
        "top50%": "Top 50%",
        "else": "其他"
    },
    "applyfor_list": {
        "phd": "Ph.D.",
        "ms": "Master",
        "ms_phd": "混申"
    },
    "applyfor_filter": {
        "phd": "主申PhD",
        "ms": "主申Master",
        "ms_phd": "混申"
    },
    "result_list": {
        "AD": true,
        "Reject": false
    },
    "research_tags": {
        "oversea_research": "海外科研",
        "first_author": "顶会/顶刊一作",
        "paper": "有Paper",
        "internship": "工业界实习"
    },
    "ref_tags": {
        "oversea_refer": "海外推",
        "bigname_refer": "牛推",
        "connection": "强Connection推"
    },
    "tags_mapper": {
        "oversea_research": 0,
        "first_author": 0,
        "paper": 0,
        "internship": 0,
        "oversea_refer": 1,
        "bigname_refer": 1,
        "connection": 1
    },
    "school_list" : [
        "000: 少年班学院",
        "001: 数学科学学院",
        "203: 物理学院",
        "204: 管理学院",
        "206: 化学与材料科学学院",
        "207: 生命科学学院",
        "208: 地球和空间科学学院",
        "209: 工程科学学院",
        "210: 信息科学技术学院",
        "211: 人文与社会科学学院",
        "214: 核科学技术学院",
        "215: 计算机科学与技术学院",
        "216: 公共事务学院",
        "217: 环境科学与光电技术学院",
        "219: 微电子学院",
        "220: 马克思主义学院",
        "221: 网络空间安全学院",
        "225: 软件学院",
        "229: 大数据学院",
        "231: 国家同步辐射实验室",
        "232: 火灾科学国家重点实验室",
        "234: 合肥微尺度物质科学国家实验室（筹）",
        "240: 环境科学与工程系",
        "910: 生命科学与医学部"
    ],
    "student_role_list": {
        "本科生": true,
        "研究生": false
    }
}